<data><event>
<id><![CDATA[2]]></id>
<start_date><![CDATA[2017-05-24 00:00]]></start_date>
<end_date><![CDATA[2017-06-08 00:00]]></end_date>
<text><![CDATA[French Open]]></text>
<details><![CDATA[Philippe-Chatrier Court 
Paris, FRA]]></details>
</event>
<event>
<id><![CDATA[3]]></id>
<start_date><![CDATA[2017-06-10 00:00]]></start_date>
<end_date><![CDATA[2017-06-13 00:00]]></end_date>
<text><![CDATA[Aegon Championship]]></text>
<details><![CDATA[The Queens Club 
London, ENG]]></details>
</event>
<event>
<id><![CDATA[4]]></id>
<start_date><![CDATA[2017-06-21 00:00]]></start_date>
<end_date><![CDATA[2017-07-05 00:00]]></end_date>
<text><![CDATA[Wimbledon]]></text>
<details><![CDATA[Wimbledon
June 21, 2009 - July 5, 2009]]></details>
</event>
<event>
<id><![CDATA[5]]></id>
<start_date><![CDATA[2017-07-18 00:00]]></start_date>
<end_date><![CDATA[2017-07-27 00:00]]></end_date>
<text><![CDATA[Indianapolis Tennis Championships]]></text>
<details><![CDATA[Indianapolis Tennis Center 
Indianapolis, IN]]></details>
</event>
<event>
<id><![CDATA[8]]></id>
<start_date><![CDATA[2017-07-27 00:00]]></start_date>
<end_date><![CDATA[2017-08-02 00:00]]></end_date>
<text><![CDATA[Countrywide Classic Tennis]]></text>
<details><![CDATA[Los Angeles Tennis Center. Los Angeles, CA  ]]></details>
</event>
<event>
<id><![CDATA[7]]></id>
<start_date><![CDATA[2017-05-11 00:00]]></start_date>
<end_date><![CDATA[2017-05-18 00:00]]></end_date>
<text><![CDATA[ATP Master Tennis]]></text>
<details><![CDATA[La Caja Magica.
Madrid, Spain]]></details>
</event>
<event>
<id><![CDATA[9]]></id>
<start_date><![CDATA[2017-08-01 00:00]]></start_date>
<end_date><![CDATA[2017-08-11 00:00]]></end_date>
<text><![CDATA[Legg Mason Tennis Classic]]></text>
<details><![CDATA[Fitzgerald Tennis Center
Washington D.C.]]></details>
</event>
<event>
<id><![CDATA[10]]></id>
<start_date><![CDATA[2017-08-07 00:00]]></start_date>
<end_date><![CDATA[2017-08-17 00:00]]></end_date>
<text><![CDATA[Western & Southern Financial Group Women's Open]]></text>
<details><![CDATA[Lindner Family Tennis Center
Mason, OH]]></details>
</event>
<event>
<id><![CDATA[11]]></id>
<start_date><![CDATA[2017-08-15 00:00]]></start_date>
<end_date><![CDATA[2017-08-24 00:00]]></end_date>
<text><![CDATA[Rogers Cup Women's Tennis]]></text>
<details><![CDATA[Rexall Centre
Toronto, ON]]></details>
</event>
<event>
<id><![CDATA[12]]></id>
<start_date><![CDATA[2017-08-29 00:00]]></start_date>
<end_date><![CDATA[2017-09-14 00:00]]></end_date>
<text><![CDATA[US Open Tennis Championship]]></text>
<details><![CDATA[Arthur Ashe Stadium
Flushing, NY]]></details>
</event>
<event>
<id><![CDATA[13]]></id>
<start_date><![CDATA[2017-11-22 00:00]]></start_date>
<end_date><![CDATA[2017-11-28 00:00]]></end_date>
<text><![CDATA[Barclays ATP World Tour Finals]]></text>
<details><![CDATA[O2 Dome
London, ENG
]]></details>
</event>
<event>
<id><![CDATA[14]]></id>
<start_date><![CDATA[2017-08-17 00:00]]></start_date>
<end_date><![CDATA[2017-08-24 00:00]]></end_date>
<text><![CDATA[Western & Southern Financial Group Masters Tennis]]></text>
<details><![CDATA[Lindner Family Tennis Center
Mason, OH]]></details>
</event>
<event>
<id><![CDATA[15]]></id>
<start_date><![CDATA[2017-05-16 15:00]]></start_date>
<end_date><![CDATA[2017-05-16 18:00]]></end_date>
<text><![CDATA[ Parc Izvor ]]></text>
<details><![CDATA[ Bucharest, Romania ]]></details>
</event>
<event>
<id><![CDATA[16]]></id>
<start_date><![CDATA[2017-05-21 14:00]]></start_date>
<end_date><![CDATA[2017-05-21 17:00]]></end_date>
<text><![CDATA[ Arena Zagreb ]]></text>
<details><![CDATA[ Zagreb, Croatia ]]></details>
</event>
<event>
<id><![CDATA[17]]></id>
<start_date><![CDATA[2017-05-23 11:00]]></start_date>
<end_date><![CDATA[2017-05-23 14:00]]></end_date>
<text><![CDATA[ Gwardia Stadium ]]></text>
<details><![CDATA[ Warsaw, Poland ]]></details>
</event>
<event>
<id><![CDATA[18]]></id>
<start_date><![CDATA[2017-05-25 19:00]]></start_date>
<end_date><![CDATA[2017-05-25 22:00]]></end_date>
<text><![CDATA[ Skonto Stadium - Riga ]]></text>
<details><![CDATA[ Riga, Latvia ]]></details>
</event>
<event>
<id><![CDATA[19]]></id>
<start_date><![CDATA[2017-05-27 15:00]]></start_date>
<end_date><![CDATA[2017-05-27 18:00]]></end_date>
<text><![CDATA[ Zalgirio Stadionas ]]></text>
<details><![CDATA[ Vilnius, Lithuania ]]></details>
</event>
<event>
<id><![CDATA[20]]></id>
<start_date><![CDATA[2017-05-30 17:00]]></start_date>
<end_date><![CDATA[2017-05-30 20:00]]></end_date>
<text><![CDATA[ O2 Dome ]]></text>
<details><![CDATA[ London, ENG ]]></details>
</event>
<event>
<id><![CDATA[21]]></id>
<start_date><![CDATA[2017-05-31 16:00]]></start_date>
<end_date><![CDATA[2017-05-31 19:00]]></end_date>
<text><![CDATA[ Evenemententerrein Megaland ]]></text>
<details><![CDATA[ Landgraaf, NL ]]></details>
</event>
<event>
<id><![CDATA[22]]></id>
<start_date><![CDATA[2017-06-02 10:00]]></start_date>
<end_date><![CDATA[2017-06-02 13:00]]></end_date>
<text><![CDATA[ HSH Nordbank Arena (formerly AOL Arena) ]]></text>
<details><![CDATA[ Hamburg, GER ]]></details>
</event>
<event>
<id><![CDATA[23]]></id>
<start_date><![CDATA[2017-06-04 11:00]]></start_date>
<end_date><![CDATA[2017-06-04 14:00]]></end_date>
<text><![CDATA[ LTU Arena ]]></text>
<details><![CDATA[ Dusseldorf, GER ]]></details>
</event>
<event>
<id><![CDATA[24]]></id>
<start_date><![CDATA[2017-06-05 12:00]]></start_date>
<end_date><![CDATA[2017-06-05 15:00]]></end_date>
<text><![CDATA[ LTU Arena ]]></text>
<details><![CDATA[ Dusseldorf, GER ]]></details>
</event>
<event>
<id><![CDATA[25]]></id>
<start_date><![CDATA[2017-06-07 20:00]]></start_date>
<end_date><![CDATA[2017-06-07 23:00]]></end_date>
<text><![CDATA[ Zentralstadion - Leipzig ]]></text>
<details><![CDATA[ Leipzig, GER ]]></details>
</event>
<event>
<id><![CDATA[26]]></id>
<start_date><![CDATA[2017-06-08 17:00]]></start_date>
<end_date><![CDATA[2017-06-08 20:00]]></end_date>
<text><![CDATA[ Zentralstadion - Leipzig ]]></text>
<details><![CDATA[ Leipzig, GER ]]></details>
</event>
<event>
<id><![CDATA[27]]></id>
<start_date><![CDATA[2017-06-10 14:00]]></start_date>
<end_date><![CDATA[2017-06-10 17:00]]></end_date>
<text><![CDATA[ Olympiastadion - Berlin ]]></text>
<details><![CDATA[ Berlin, GER ]]></details>
</event>
<event>
<id><![CDATA[28]]></id>
<start_date><![CDATA[2017-06-12 14:00]]></start_date>
<end_date><![CDATA[2017-06-12 17:00]]></end_date>
<text><![CDATA[ Commerz Bank Arena ]]></text>
<details><![CDATA[ Frankfurt, GER ]]></details>
</event>
<event>
<id><![CDATA[29]]></id>
<start_date><![CDATA[2017-06-13 11:00]]></start_date>
<end_date><![CDATA[2017-06-13 14:00]]></end_date>
<text><![CDATA[ Olympic Stadium - Munich ]]></text>
<details><![CDATA[ Munich, GER ]]></details>
</event>
<event>
<id><![CDATA[30]]></id>
<start_date><![CDATA[2017-06-16 19:00]]></start_date>
<end_date><![CDATA[2017-06-16 22:00]]></end_date>
<text><![CDATA[ Stadio Olimpico ]]></text>
<details><![CDATA[ Rome, Italy ]]></details>
</event>
<event>
<id><![CDATA[31]]></id>
<start_date><![CDATA[2017-06-18 20:00]]></start_date>
<end_date><![CDATA[2017-06-18 23:00]]></end_date>
<text><![CDATA[ Comunale Giuseppe Meazza - San Siro ]]></text>
<details><![CDATA[ Milan, Italy ]]></details>
</event>
<event>
<id><![CDATA[32]]></id>
<start_date><![CDATA[2017-06-22 19:00]]></start_date>
<end_date><![CDATA[2017-06-22 22:00]]></end_date>
<text><![CDATA[ Inter Stadion Slovakia ]]></text>
<details><![CDATA[ Bratislava, Slovakia ]]></details>
</event>
<event>
<id><![CDATA[33]]></id>
<start_date><![CDATA[2017-06-23 14:00]]></start_date>
<end_date><![CDATA[2017-06-23 17:00]]></end_date>
<text><![CDATA[ Puskas Ferenc Stadium ]]></text>
<details><![CDATA[ Budapest, Hungary ]]></details>
</event>
<event>
<id><![CDATA[34]]></id>
<start_date><![CDATA[2017-06-25 10:00]]></start_date>
<end_date><![CDATA[2017-06-25 13:00]]></end_date>
<text><![CDATA[ Slavia Stadion ]]></text>
<details><![CDATA[ Prague, Czech Republic ]]></details>
</event>
<event>
<id><![CDATA[35]]></id>
<start_date><![CDATA[2017-06-27 19:00]]></start_date>
<end_date><![CDATA[2017-06-27 22:00]]></end_date>
<text><![CDATA[ Stade de France - Paris ]]></text>
<details><![CDATA[ Paris, FRA ]]></details>
</event>
<event>
<id><![CDATA[36]]></id>
<start_date><![CDATA[2017-06-30 18:00]]></start_date>
<end_date><![CDATA[2017-06-30 21:00]]></end_date>
<text><![CDATA[ Parken Stadium ]]></text>
<details><![CDATA[ Copenhagen, DK ]]></details>
</event>
<event>
<id><![CDATA[37]]></id>
<start_date><![CDATA[2017-07-02 18:00]]></start_date>
<end_date><![CDATA[2017-07-02 21:00]]></end_date>
<text><![CDATA[ Koengen ]]></text>
<details><![CDATA[ Bergen, Norway ]]></details>
</event>
<event>
<id><![CDATA[38]]></id>
<start_date><![CDATA[2017-07-03 11:00]]></start_date>
<end_date><![CDATA[2017-07-03 14:00]]></end_date>
<text><![CDATA[ Folkets Park ]]></text>
<details><![CDATA[ Malmo, SE ]]></details>
</event>
<event>
<id><![CDATA[39]]></id>
<start_date><![CDATA[2017-07-08 18:00]]></start_date>
<end_date><![CDATA[2017-07-08 21:00]]></end_date>
<text><![CDATA[ Estadio Jose Zorila ]]></text>
<details><![CDATA[ Valladolid, Spain ]]></details>
</event>
<event>
<id><![CDATA[40]]></id>
<start_date><![CDATA[2017-07-11 10:00]]></start_date>
<end_date><![CDATA[2017-07-11 13:00]]></end_date>
<text><![CDATA[ Bessa Stadium ]]></text>
<details><![CDATA[ Porto, Portugal ]]></details>
</event>
<event>
<id><![CDATA[41]]></id>
<start_date><![CDATA[2017-07-12 14:00]]></start_date>
<end_date><![CDATA[2017-07-12 17:00]]></end_date>
<text><![CDATA[ Estadio Olimpico - Seville ]]></text>
<details><![CDATA[ Seville, Spain ]]></details>
</event>
<event>
<id><![CDATA[42]]></id>
<start_date><![CDATA[2017-07-24 16:00]]></start_date>
<end_date><![CDATA[2017-07-24 19:00]]></end_date>
<text><![CDATA[ Molson Amphitheatre ]]></text>
<details><![CDATA[ Toronto, ON ]]></details>
</event>
<event>
<id><![CDATA[43]]></id>
<start_date><![CDATA[2017-07-25 18:00]]></start_date>
<end_date><![CDATA[2017-07-25 21:00]]></end_date>
<text><![CDATA[ Bell Centre ]]></text>
<details><![CDATA[ Montreal, QC ]]></details>
</event>
<event>
<id><![CDATA[44]]></id>
<start_date><![CDATA[2017-07-28 17:00]]></start_date>
<end_date><![CDATA[2017-07-28 20:00]]></end_date>
<text><![CDATA[ Nissan Pavilion ]]></text>
<details><![CDATA[ Bristow, VA ]]></details>
</event>
<event>
<id><![CDATA[45]]></id>
<start_date><![CDATA[2017-07-31 12:00]]></start_date>
<end_date><![CDATA[2017-07-31 15:00]]></end_date>
<text><![CDATA[ Comcast Center - MA (formerly Tweeter Center) ]]></text>
<details><![CDATA[ Mansfield, MA ]]></details>
</event>
<event>
<id><![CDATA[46]]></id>
<start_date><![CDATA[2017-08-01 15:00]]></start_date>
<end_date><![CDATA[2017-08-01 18:00]]></end_date>
<text><![CDATA[ Borgata Hotel Casino & Spa ]]></text>
<details><![CDATA[ Atlantic City, NJ ]]></details>
</event>
<event>
<id><![CDATA[47]]></id>
<start_date><![CDATA[2017-08-03 14:00]]></start_date>
<end_date><![CDATA[2017-08-03 17:00]]></end_date>
<text><![CDATA[ Madison Square Garden ]]></text>
<details><![CDATA[ New York, NY ]]></details>
</event>
<event>
<id><![CDATA[48]]></id>
<start_date><![CDATA[2017-08-04 15:00]]></start_date>
<end_date><![CDATA[2017-08-04 18:00]]></end_date>
<text><![CDATA[ Madison Square Garden ]]></text>
<details><![CDATA[ New York, NY ]]></details>
</event>
<event>
<id><![CDATA[49]]></id>
<start_date><![CDATA[2017-08-10 16:00]]></start_date>
<end_date><![CDATA[2017-08-10 19:00]]></end_date>
<text><![CDATA[ Key Arena ]]></text>
<details><![CDATA[ Seattle, WA ]]></details>
</event>
<event>
<id><![CDATA[50]]></id>
<start_date><![CDATA[2017-08-12 11:00]]></start_date>
<end_date><![CDATA[2017-08-12 14:00]]></end_date>
<text><![CDATA[ Shoreline Amphitheatre ]]></text>
<details><![CDATA[ Mountain View, CA ]]></details>
</event>
<event>
<id><![CDATA[51]]></id>
<start_date><![CDATA[2017-08-14 19:00]]></start_date>
<end_date><![CDATA[2017-08-14 22:00]]></end_date>
<text><![CDATA[ Cricket Wireless Amphitheatre ]]></text>
<details><![CDATA[ Chula Vista, CA ]]></details>
</event>
<event>
<id><![CDATA[52]]></id>
<start_date><![CDATA[2017-08-16 17:00]]></start_date>
<end_date><![CDATA[2017-08-16 20:00]]></end_date>
<text><![CDATA[ Hollywood Bowl ]]></text>
<details><![CDATA[ Los Angeles, CA ]]></details>
</event>
<event>
<id><![CDATA[53]]></id>
<start_date><![CDATA[2017-08-17 13:00]]></start_date>
<end_date><![CDATA[2017-08-17 16:00]]></end_date>
<text><![CDATA[ Hollywood Bowl ]]></text>
<details><![CDATA[ Los Angeles, CA ]]></details>
</event>
<event>
<id><![CDATA[54]]></id>
<start_date><![CDATA[2017-08-19 17:00]]></start_date>
<end_date><![CDATA[2017-08-19 20:00]]></end_date>
<text><![CDATA[ Honda Center ]]></text>
<details><![CDATA[ Anaheim, CA ]]></details>
</event>
<event>
<id><![CDATA[55]]></id>
<start_date><![CDATA[2017-08-20 16:00]]></start_date>
<end_date><![CDATA[2017-08-20 19:00]]></end_date>
<text><![CDATA[ Santa Barbara Bowl ]]></text>
<details><![CDATA[ Santa Barbara, CA ]]></details>
</event>
<event>
<id><![CDATA[56]]></id>
<start_date><![CDATA[2017-08-22 10:00]]></start_date>
<end_date><![CDATA[2017-08-22 13:00]]></end_date>
<text><![CDATA[ Palms Casino-the Pearl ]]></text>
<details><![CDATA[ Las Vegas, NV ]]></details>
</event>
<event>
<id><![CDATA[57]]></id>
<start_date><![CDATA[2017-08-23 18:00]]></start_date>
<end_date><![CDATA[2017-08-23 21:00]]></end_date>
<text><![CDATA[ US Airways Center ]]></text>
<details><![CDATA[ Phoenix, AZ ]]></details>
</event>
<event>
<id><![CDATA[58]]></id>
<start_date><![CDATA[2017-08-25 15:00]]></start_date>
<end_date><![CDATA[2017-08-25 18:00]]></end_date>
<text><![CDATA[ E Center ]]></text>
<details><![CDATA[ West Valley City, UT ]]></details>
</event>
<event>
<id><![CDATA[59]]></id>
<start_date><![CDATA[2017-08-27 18:00]]></start_date>
<end_date><![CDATA[2017-08-27 21:00]]></end_date>
<text><![CDATA[ Red Rocks Amphitheatre ]]></text>
<details><![CDATA[ Morrison, CO ]]></details>
</event>
<event>
<id><![CDATA[60]]></id>
<start_date><![CDATA[2017-08-29 17:00]]></start_date>
<end_date><![CDATA[2017-08-29 20:00]]></end_date>
<text><![CDATA[ Superpages.com Center ]]></text>
<details><![CDATA[ Dallas, TX ]]></details>
</event>
<event>
<id><![CDATA[61]]></id>
<start_date><![CDATA[2017-08-30 18:00]]></start_date>
<end_date><![CDATA[2017-08-30 21:00]]></end_date>
<text><![CDATA[ Cynthia Woods Mitchell Pavilion ]]></text>
<details><![CDATA[ Houston, TX ]]></details>
</event>
<event>
<id><![CDATA[62]]></id>
<start_date><![CDATA[2017-09-01 15:00]]></start_date>
<end_date><![CDATA[2017-09-01 18:00]]></end_date>
<text><![CDATA[ Lakewood Amphitheatre ]]></text>
<details><![CDATA[ Atlanta, GA ]]></details>
</event>
<event>
<id><![CDATA[63]]></id>
<start_date><![CDATA[2017-09-04 10:00]]></start_date>
<end_date><![CDATA[2017-09-04 13:00]]></end_date>
<text><![CDATA[ Ford Amphitheatre at the Florida State Fairgrounds ]]></text>
<details><![CDATA[ Tampa Bay, FL ]]></details>
</event>
<event>
<id><![CDATA[64]]></id>
<start_date><![CDATA[2017-09-05 13:00]]></start_date>
<end_date><![CDATA[2017-09-05 16:00]]></end_date>
<text><![CDATA[ BankAtlantic Center ]]></text>
<details><![CDATA[ Sunrise, FL ]]></details>
</event>
<event>
<id><![CDATA[65]]></id>
<start_date><![CDATA[2017-10-31 17:00]]></start_date>
<end_date><![CDATA[2017-10-31 20:00]]></end_date>
<text><![CDATA[ Konig Pilsener Arena ]]></text>
<details><![CDATA[ Oberhausen, GER ]]></details>
</event>
<event>
<id><![CDATA[66]]></id>
<start_date><![CDATA[2017-11-01 13:00]]></start_date>
<end_date><![CDATA[2017-11-01 16:00]]></end_date>
<text><![CDATA[ Awd Dome ]]></text>
<details><![CDATA[ Bremen, GER ]]></details>
</event>
<event>
<id><![CDATA[67]]></id>
<start_date><![CDATA[2017-11-03 14:00]]></start_date>
<end_date><![CDATA[2017-11-03 17:00]]></end_date>
<text><![CDATA[ TUI Arena (formerly Preussag Arena) ]]></text>
<details><![CDATA[ Hanover, GER ]]></details>
</event>
<event>
<id><![CDATA[68]]></id>
<start_date><![CDATA[2017-11-07 13:00]]></start_date>
<end_date><![CDATA[2017-11-07 16:00]]></end_date>
<text><![CDATA[ SAP Arena ]]></text>
<details><![CDATA[ Mannheim, GER ]]></details>
</event>
<event>
<id><![CDATA[69]]></id>
<start_date><![CDATA[2017-11-08 12:00]]></start_date>
<end_date><![CDATA[2017-11-08 15:00]]></end_date>
<text><![CDATA[ Schleyerhalle ]]></text>
<details><![CDATA[ Stuttgart, GER ]]></details>
</event>
<event>
<id><![CDATA[70]]></id>
<start_date><![CDATA[2017-11-10 17:00]]></start_date>
<end_date><![CDATA[2017-11-10 20:00]]></end_date>
<text><![CDATA[ Stade De Geneve ]]></text>
<details><![CDATA[ Geneva, CH ]]></details>
</event>
<event>
<id><![CDATA[71]]></id>
<start_date><![CDATA[2017-11-12 15:00]]></start_date>
<end_date><![CDATA[2017-11-12 18:00]]></end_date>
<text><![CDATA[ Recinto Ferial - Valencia ]]></text>
<details><![CDATA[ Valencia, Spain ]]></details>
</event>
<event>
<id><![CDATA[72]]></id>
<start_date><![CDATA[2017-11-20 12:00]]></start_date>
<end_date><![CDATA[2017-11-20 15:00]]></end_date>
<text><![CDATA[ Palau Sant Jordi ]]></text>
<details><![CDATA[ Barcelona, Spain ]]></details>
</event>
<event>
<id><![CDATA[73]]></id>
<start_date><![CDATA[2017-11-23 20:00]]></start_date>
<end_date><![CDATA[2017-11-23 23:00]]></end_date>
<text><![CDATA[ Halle Tony Garnier ]]></text>
<details><![CDATA[ Lyon, FRA ]]></details>
</event>
<event>
<id><![CDATA[74]]></id>
<start_date><![CDATA[2017-12-01 13:00]]></start_date>
<end_date><![CDATA[2017-12-01 16:00]]></end_date>
<text><![CDATA[ Arena Nurnberg ]]></text>
<details><![CDATA[ Nuremberg, GER ]]></details>
</event>
<event>
<id><![CDATA[75]]></id>
<start_date><![CDATA[2017-12-03 14:00]]></start_date>
<end_date><![CDATA[2017-12-03 17:00]]></end_date>
<text><![CDATA[ Stadthalle ]]></text>
<details><![CDATA[ Vienna, Austria ]]></details>
</event>
<event>
<id><![CDATA[76]]></id>
<start_date><![CDATA[2017-12-04 13:00]]></start_date>
<end_date><![CDATA[2017-12-04 16:00]]></end_date>
<text><![CDATA[ Stadthalle Graz ]]></text>
<details><![CDATA[ Graz, AT ]]></details>
</event>
<event>
<id><![CDATA[77]]></id>
<start_date><![CDATA[2017-12-06 16:00]]></start_date>
<end_date><![CDATA[2017-12-06 19:00]]></end_date>
<text><![CDATA[ Hallenstadion ]]></text>
<details><![CDATA[ Zurich, CH ]]></details>
</event>
<event>
<id><![CDATA[78]]></id>
<start_date><![CDATA[2017-12-07 10:00]]></start_date>
<end_date><![CDATA[2017-12-07 13:00]]></end_date>
<text><![CDATA[ Hallenstadion ]]></text>
<details><![CDATA[ Zurich, CH ]]></details>
</event>
<event>
<id><![CDATA[79]]></id>
<start_date><![CDATA[2017-12-10 17:00]]></start_date>
<end_date><![CDATA[2017-12-10 20:00]]></end_date>
<text><![CDATA[ The O2 - Dublin ]]></text>
<details><![CDATA[ Dublin, IE ]]></details>
</event>
<event>
<id><![CDATA[80]]></id>
<start_date><![CDATA[2017-12-12 14:00]]></start_date>
<end_date><![CDATA[2017-12-12 17:00]]></end_date>
<text><![CDATA[ Scottish Exhibition & Conference Center ]]></text>
<details><![CDATA[ Glasgow, Scotland ]]></details>
</event>
<event>
<id><![CDATA[81]]></id>
<start_date><![CDATA[2017-12-13 15:00]]></start_date>
<end_date><![CDATA[2017-12-13 18:00]]></end_date>
<text><![CDATA[ LG Arena ]]></text>
<details><![CDATA[ Birmingham, ENG ]]></details>
</event>
<event>
<id><![CDATA[82]]></id>
<start_date><![CDATA[2017-12-15 13:00]]></start_date>
<end_date><![CDATA[2017-12-15 16:00]]></end_date>
<text><![CDATA[ O2 Dome ]]></text>
<details><![CDATA[ London, ENG ]]></details>
</event>
<event>
<id><![CDATA[83]]></id>
<start_date><![CDATA[2017-12-16 15:00]]></start_date>
<end_date><![CDATA[2017-12-16 18:00]]></end_date>
<text><![CDATA[ O2 Dome ]]></text>
<details><![CDATA[ London, ENG ]]></details>
</event>
<event>
<id><![CDATA[84]]></id>
<start_date><![CDATA[2017-12-18 16:00]]></start_date>
<end_date><![CDATA[2017-12-18 19:00]]></end_date>
<text><![CDATA[ MEN Arena Manchester ]]></text>
<details><![CDATA[ Manchester, ENG ]]></details>
</event>
<event>
<id><![CDATA[1261150491]]></id>
<start_date><![CDATA[2017-12-19 07:00]]></start_date>
<end_date><![CDATA[2017-12-21 07:00]]></end_date>
<text><![CDATA[International Horse Show]]></text>
<details><![CDATA[Olympia]]></details>
</event>
<event>
<id><![CDATA[1261150492]]></id>
<start_date><![CDATA[2017-12-19 18:00]]></start_date>
<end_date><![CDATA[2017-12-19 20:00]]></end_date>
<text><![CDATA[Ladbrokes.com World Darts Championships (Evening session)]]></text>
<details><![CDATA[Alexandra Palace]]></details>
</event>
<event>
<id><![CDATA[1261150493]]></id>
<start_date><![CDATA[2017-12-20 08:00]]></start_date>
<end_date><![CDATA[2017-12-20 10:00]]></end_date>
<text><![CDATA[Peter Pan]]></text>
<details><![CDATA[O2 Arena]]></details>
</event>
<event>
<id><![CDATA[1261150494]]></id>
<start_date><![CDATA[2017-12-21 08:00]]></start_date>
<end_date><![CDATA[2017-12-21 10:00]]></end_date>
<text><![CDATA[Pet Shop Boys]]></text>
<details><![CDATA[O2 Arena]]></details>
</event>
<event>
<id><![CDATA[1261150495]]></id>
<start_date><![CDATA[2017-12-22 06:00]]></start_date>
<end_date><![CDATA[2017-12-22 08:00]]></end_date>
<text><![CDATA[Wicked]]></text>
<details><![CDATA[Apollo Victoria Theatre]]></details>
</event>
<event>
<id><![CDATA[1261150496]]></id>
<start_date><![CDATA[2017-12-23 15:00]]></start_date>
<end_date><![CDATA[2017-12-25 15:00]]></end_date>
<text><![CDATA[Ladbrokes.com World Darts Championships (Afternoon session)]]></text>
<details><![CDATA[Alexandra Palace]]></details>
</event>
<event>
<id><![CDATA[1261150497]]></id>
<start_date><![CDATA[2017-12-23 15:00]]></start_date>
<end_date><![CDATA[2017-12-23 17:00]]></end_date>
<text><![CDATA[Calendar Girls]]></text>
<details><![CDATA[Noel Coward Theatre]]></details>
</event>
<event>
<id><![CDATA[1261150498]]></id>
<start_date><![CDATA[2017-12-24 14:00]]></start_date>
<end_date><![CDATA[2017-12-24 16:00]]></end_date>
<text><![CDATA[Sister Act]]></text>
<details><![CDATA[Palladium]]></details>
</event>
<event>
<id><![CDATA[1261150499]]></id>
<start_date><![CDATA[2017-12-26 18:00]]></start_date>
<end_date><![CDATA[2017-12-26 20:00]]></end_date>
<text><![CDATA[Dirty Dancing]]></text>
<details><![CDATA[Aldwych Theatre]]></details>
</event>
<event>
<id><![CDATA[1261150500]]></id>
<start_date><![CDATA[2017-12-27 09:00]]></start_date>
<end_date><![CDATA[2017-12-27 11:00]]></end_date>
<text><![CDATA[Harlequins -  Wasps     Competition: Guinness Premiership]]></text>
<details><![CDATA[Twickenham Stadium]]></details>
</event>
<event>
<id><![CDATA[1261150501]]></id>
<start_date><![CDATA[2017-12-28 07:00]]></start_date>
<end_date><![CDATA[2017-12-30 07:00]]></end_date>
<text><![CDATA[Peter Pan]]></text>
<details><![CDATA[O2 Arena]]></details>
</event>
<event>
<id><![CDATA[1261150502]]></id>
<start_date><![CDATA[2017-12-29 08:00]]></start_date>
<end_date><![CDATA[2017-12-29 10:00]]></end_date>
<text><![CDATA[The Nutcracker]]></text>
<details><![CDATA[Coliseum]]></details>
</event>
<event>
<id><![CDATA[1261150503]]></id>
<start_date><![CDATA[2017-12-29 13:00]]></start_date>
<end_date><![CDATA[2017-12-29 15:00]]></end_date>
<text><![CDATA[The Nutcracker]]></text>
<details><![CDATA[Coliseum]]></details>
</event>
<event>
<id><![CDATA[1261150504]]></id>
<start_date><![CDATA[2017-12-30 15:00]]></start_date>
<end_date><![CDATA[2017-12-30 17:00]]></end_date>
<text><![CDATA[Peter Pan]]></text>
<details><![CDATA[O2 Arena]]></details>
</event>
<event>
<id><![CDATA[1261150505]]></id>
<start_date><![CDATA[2017-12-31 17:00]]></start_date>
<end_date><![CDATA[2017-12-31 19:00]]></end_date>
<text><![CDATA[Legally Blonde The Musical]]></text>
<details><![CDATA[Savoy Theatre]]></details>
</event>
<event>
<id><![CDATA[1261150506]]></id>
<start_date><![CDATA[2018-01-01 18:00]]></start_date>
<end_date><![CDATA[2018-01-03 18:00]]></end_date>
<text><![CDATA[Sister Act]]></text>
<details><![CDATA[Palladium]]></details>
</event>
<event>
<id><![CDATA[1261150507]]></id>
<start_date><![CDATA[2018-01-02 07:00]]></start_date>
<end_date><![CDATA[2018-01-02 09:00]]></end_date>
<text><![CDATA[Cat On a Hot Tin Roof]]></text>
<details><![CDATA[Novello Theatre]]></details>
</event>
<event>
<id><![CDATA[1261150508]]></id>
<start_date><![CDATA[2018-01-02 07:00]]></start_date>
<end_date><![CDATA[2018-01-02 09:00]]></end_date>
<text><![CDATA[Grease]]></text>
<details><![CDATA[Piccadilly Theatre]]></details>
</event>
<event>
<id><![CDATA[1261150509]]></id>
<start_date><![CDATA[2018-01-03 17:00]]></start_date>
<end_date><![CDATA[2018-01-03 19:00]]></end_date>
<text><![CDATA[Ladbrokes.com World Darts Championships]]></text>
<details><![CDATA[Alexandra Palace]]></details>
</event>
<event>
<id><![CDATA[1261150510]]></id>
<start_date><![CDATA[2018-01-05 14:00]]></start_date>
<end_date><![CDATA[2018-01-05 16:00]]></end_date>
<text><![CDATA[Calendar Girls]]></text>
<details><![CDATA[Noel Coward Theatre]]></details>
</event>
<event>
<id><![CDATA[1261150511]]></id>
<start_date><![CDATA[2018-01-06 08:00]]></start_date>
<end_date><![CDATA[2018-01-08 08:00]]></end_date>
<text><![CDATA[Dirty Dancing]]></text>
<details><![CDATA[Aldwych Theatre]]></details>
</event>
<event>
<id><![CDATA[1261150512]]></id>
<start_date><![CDATA[2018-01-07 15:00]]></start_date>
<end_date><![CDATA[2018-01-07 17:00]]></end_date>
<text><![CDATA[Cirque du Soleil Varekai]]></text>
<details><![CDATA[Royal Albert Hall]]></details>
</event>
<event>
<id><![CDATA[1261150513]]></id>
<start_date><![CDATA[2018-01-08 15:00]]></start_date>
<end_date><![CDATA[2018-01-08 17:00]]></end_date>
<text><![CDATA[Grease]]></text>
<details><![CDATA[Piccadilly Theatre]]></details>
</event>
<event>
<id><![CDATA[1261150514]]></id>
<start_date><![CDATA[2018-01-09 09:00]]></start_date>
<end_date><![CDATA[2018-01-09 11:00]]></end_date>
<text><![CDATA[The Lion King]]></text>
<details><![CDATA[Lyceum Theatre]]></details>
</event>
<event>
<id><![CDATA[1261150515]]></id>
<start_date><![CDATA[2018-01-09 07:00]]></start_date>
<end_date><![CDATA[2018-01-09 09:00]]></end_date>
<text><![CDATA[Cirque du Soleil Varekai]]></text>
<details><![CDATA[Royal Albert Hall]]></details>
</event>
<event>
<id><![CDATA[1261150516]]></id>
<start_date><![CDATA[2018-01-10 10:00]]></start_date>
<end_date><![CDATA[2018-01-12 10:00]]></end_date>
<text><![CDATA[Cirque du Soleil Varekai]]></text>
<details><![CDATA[Royal Albert Hall]]></details>
</event>
<event>
<id><![CDATA[1261150517]]></id>
<start_date><![CDATA[2018-01-12 09:00]]></start_date>
<end_date><![CDATA[2018-01-12 11:00]]></end_date>
<text><![CDATA[Masters Snooker 2010      Afternoon session]]></text>
<details><![CDATA[Wembley Arena]]></details>
</event>
<event>
<id><![CDATA[1261150518]]></id>
<start_date><![CDATA[2018-01-13 10:00]]></start_date>
<end_date><![CDATA[2018-01-13 12:00]]></end_date>
<text><![CDATA[The Lion King]]></text>
<details><![CDATA[Lyceum Theatre]]></details>
</event>
<event>
<id><![CDATA[1261150519]]></id>
<start_date><![CDATA[2018-01-13 13:00]]></start_date>
<end_date><![CDATA[2018-01-13 15:00]]></end_date>
<text><![CDATA[Cirque du Soleil Varekai]]></text>
<details><![CDATA[Royal Albert Hall]]></details>
</event>
<event>
<id><![CDATA[1261150520]]></id>
<start_date><![CDATA[2018-01-14 11:00]]></start_date>
<end_date><![CDATA[2018-01-14 13:00]]></end_date>
<text><![CDATA[Cat On a Hot Tin Roof]]></text>
<details><![CDATA[Novello Theatre]]></details>
</event>
<event>
<id><![CDATA[1261150521]]></id>
<start_date><![CDATA[2018-01-15 07:00]]></start_date>
<end_date><![CDATA[2018-01-17 07:00]]></end_date>
<text><![CDATA[Cirque du Soleil Varekai]]></text>
<details><![CDATA[Royal Albert Hall]]></details>
</event>
<event>
<id><![CDATA[1261150522]]></id>
<start_date><![CDATA[2018-01-16 07:00]]></start_date>
<end_date><![CDATA[2018-01-16 09:00]]></end_date>
<text><![CDATA[Ben Hur Live]]></text>
<details><![CDATA[O2 Arena    Not Available X]]></details>
</event>
<event>
<id><![CDATA[1261150523]]></id>
<start_date><![CDATA[2018-01-16 16:00]]></start_date>
<end_date><![CDATA[2018-01-16 18:00]]></end_date>
<text><![CDATA[Billy Connolly]]></text>
<details><![CDATA[Hammersmith Apollo]]></details>
</event>
<event>
<id><![CDATA[1261150524]]></id>
<start_date><![CDATA[2018-01-18 14:00]]></start_date>
<end_date><![CDATA[2018-01-18 16:00]]></end_date>
<text><![CDATA[Wicked]]></text>
<details><![CDATA[Apollo Victoria Theatre]]></details>
</event>
<event>
<id><![CDATA[1261150525]]></id>
<start_date><![CDATA[2018-01-20 06:00]]></start_date>
<end_date><![CDATA[2018-01-20 08:00]]></end_date>
<text><![CDATA[Wicked]]></text>
<details><![CDATA[Apollo Victoria Theatre]]></details>
</event>
<event>
<id><![CDATA[1261150526]]></id>
<start_date><![CDATA[2018-01-20 07:00]]></start_date>
<end_date><![CDATA[2018-01-22 07:00]]></end_date>
<text><![CDATA[Giselle]]></text>
<details><![CDATA[Coliseum]]></details>
</event>
<event>
<id><![CDATA[1261150527]]></id>
<start_date><![CDATA[2018-01-21 12:00]]></start_date>
<end_date><![CDATA[2018-01-21 14:00]]></end_date>
<text><![CDATA[Giselle]]></text>
<details><![CDATA[Coliseum]]></details>
</event>
<event>
<id><![CDATA[1261150528]]></id>
<start_date><![CDATA[2018-01-22 13:00]]></start_date>
<end_date><![CDATA[2018-01-22 15:00]]></end_date>
<text><![CDATA[Giselle]]></text>
<details><![CDATA[Coliseum]]></details>
</event>
<event>
<id><![CDATA[1261150529]]></id>
<start_date><![CDATA[2018-01-23 15:00]]></start_date>
<end_date><![CDATA[2018-01-23 17:00]]></end_date>
<text><![CDATA[Billy Connolly]]></text>
<details><![CDATA[Hammersmith Apollo]]></details>
</event>
<event>
<id><![CDATA[1261150530]]></id>
<start_date><![CDATA[2018-01-24 11:00]]></start_date>
<end_date><![CDATA[2018-01-24 13:00]]></end_date>
<text><![CDATA[Jersey Boys]]></text>
<details><![CDATA[Prince Edward Theatre]]></details>
</event>
<event>
<id><![CDATA[1261150531]]></id>
<start_date><![CDATA[2018-01-26 18:00]]></start_date>
<end_date><![CDATA[2018-01-28 18:00]]></end_date>
<text><![CDATA[Dirty Dancing]]></text>
<details><![CDATA[Aldwych Theatre]]></details>
</event>
<event>
<id><![CDATA[1261150532]]></id>
<start_date><![CDATA[2018-01-27 16:00]]></start_date>
<end_date><![CDATA[2018-01-27 18:00]]></end_date>
<text><![CDATA[Billy Elliot]]></text>
<details><![CDATA[Victoria Palace Theatre]]></details>
</event>
<event>
<id><![CDATA[1261150533]]></id>
<start_date><![CDATA[2018-01-28 18:00]]></start_date>
<end_date><![CDATA[2018-01-28 20:00]]></end_date>
<text><![CDATA[Reel Big Fish]]></text>
<details><![CDATA[Koko]]></details>
</event>
<event>
<id><![CDATA[1261150534]]></id>
<start_date><![CDATA[2018-01-29 14:00]]></start_date>
<end_date><![CDATA[2018-01-29 16:00]]></end_date>
<text><![CDATA[Jersey Boys]]></text>
<details><![CDATA[Prince Edward Theatre]]></details>
</event>
<event>
<id><![CDATA[1261150535]]></id>
<start_date><![CDATA[2018-01-30 15:00]]></start_date>
<end_date><![CDATA[2018-01-30 17:00]]></end_date>
<text><![CDATA[West Ham  - Blackburn Rovers     Competition: Premier League]]></text>
<details><![CDATA[Craven Cottage]]></details>
</event>
<event>
<id><![CDATA[1261150536]]></id>
<start_date><![CDATA[2018-01-30 17:00]]></start_date>
<end_date><![CDATA[2018-02-01 17:00]]></end_date>
<text><![CDATA[The Lion King]]></text>
<details><![CDATA[Lyceum Theatre]]></details>
</event>
<event>
<id><![CDATA[1261150537]]></id>
<start_date><![CDATA[2018-02-01 09:00]]></start_date>
<end_date><![CDATA[2018-02-01 11:00]]></end_date>
<text><![CDATA[Legally Blonde The Musical]]></text>
<details><![CDATA[Savoy Theatre]]></details>
</event>
<event>
<id><![CDATA[1261150538]]></id>
<start_date><![CDATA[2018-02-02 17:00]]></start_date>
<end_date><![CDATA[2018-02-02 19:00]]></end_date>
<text><![CDATA[Daniel Barenboim      + Berlin Staatskapelle]]></text>
<details><![CDATA[Royal Festival Hall]]></details>
</event>
<event>
<id><![CDATA[1261150539]]></id>
<start_date><![CDATA[2018-02-03 09:00]]></start_date>
<end_date><![CDATA[2018-02-03 11:00]]></end_date>
<text><![CDATA[Cat On a Hot Tin Roof]]></text>
<details><![CDATA[Novello Theatre]]></details>
</event>
<event>
<id><![CDATA[1261150540]]></id>
<start_date><![CDATA[2018-02-04 13:00]]></start_date>
<end_date><![CDATA[2018-02-04 15:00]]></end_date>
<text><![CDATA[Wicked]]></text>
<details><![CDATA[Apollo Victoria Theatre]]></details>
</event>
<event>
<id><![CDATA[1261150541]]></id>
<start_date><![CDATA[2018-02-05 15:00]]></start_date>
<end_date><![CDATA[2018-02-07 15:00]]></end_date>
<text><![CDATA[Wicked]]></text>
<details><![CDATA[Apollo Victoria Theatre]]></details>
</event>
<event>
<id><![CDATA[1261150542]]></id>
<start_date><![CDATA[2018-02-06 15:00]]></start_date>
<end_date><![CDATA[2018-02-06 17:00]]></end_date>
<text><![CDATA[Jersey Boys]]></text>
<details><![CDATA[Prince Edward Theatre]]></details>
</event>
<event>
<id><![CDATA[1261150543]]></id>
<start_date><![CDATA[2018-02-06 06:00]]></start_date>
<end_date><![CDATA[2018-02-06 08:00]]></end_date>
<text><![CDATA[Cirque du Soleil Varekai]]></text>
<details><![CDATA[Royal Albert Hall]]></details>
</event>
<event>
<id><![CDATA[1261150544]]></id>
<start_date><![CDATA[2018-02-08 08:00]]></start_date>
<end_date><![CDATA[2018-02-08 10:00]]></end_date>
<text><![CDATA[Wicked]]></text>
<details><![CDATA[Apollo Victoria Theatre]]></details>
</event>
<event>
<id><![CDATA[1261150545]]></id>
<start_date><![CDATA[2018-02-10 14:00]]></start_date>
<end_date><![CDATA[2018-02-10 16:00]]></end_date>
<text><![CDATA[Wicked]]></text>
<details><![CDATA[Apollo Victoria Theatre]]></details>
</event>
<event>
<id><![CDATA[1261150546]]></id>
<start_date><![CDATA[2018-02-10 09:00]]></start_date>
<end_date><![CDATA[2018-02-12 09:00]]></end_date>
<text><![CDATA[Cirque du Soleil Varekai]]></text>
<details><![CDATA[Royal Albert Hall]]></details>
</event>
<event>
<id><![CDATA[1261150547]]></id>
<start_date><![CDATA[2018-02-11 12:00]]></start_date>
<end_date><![CDATA[2018-02-11 14:00]]></end_date>
<text><![CDATA[Cirque du Soleil Varekai]]></text>
<details><![CDATA[Royal Albert Hall]]></details>
</event>
<event>
<id><![CDATA[1261150548]]></id>
<start_date><![CDATA[2018-02-12 14:00]]></start_date>
<end_date><![CDATA[2018-02-12 16:00]]></end_date>
<text><![CDATA[Cirque du Soleil Varekai]]></text>
<details><![CDATA[Royal Albert Hall]]></details>
</event>
<event>
<id><![CDATA[1261150549]]></id>
<start_date><![CDATA[2018-02-13 06:00]]></start_date>
<end_date><![CDATA[2018-02-13 08:00]]></end_date>
<text><![CDATA[Billy Elliot]]></text>
<details><![CDATA[Victoria Palace Theatre]]></details>
</event>
<event>
<id><![CDATA[1261150550]]></id>
<start_date><![CDATA[2018-02-14 07:00]]></start_date>
<end_date><![CDATA[2018-02-14 09:00]]></end_date>
<text><![CDATA[Ne-Yo]]></text>
<details><![CDATA[Wembley Arena]]></details>
</event>
<event>
<id><![CDATA[1261150551]]></id>
<start_date><![CDATA[2018-02-16 08:00]]></start_date>
<end_date><![CDATA[2018-02-18 08:00]]></end_date>
<text><![CDATA[Dirty Dancing]]></text>
<details><![CDATA[Aldwych Theatre]]></details>
</event>
<event>
<id><![CDATA[1261150552]]></id>
<start_date><![CDATA[2018-02-17 08:00]]></start_date>
<end_date><![CDATA[2018-02-17 10:00]]></end_date>
<text><![CDATA[Billy Elliot]]></text>
<details><![CDATA[Victoria Palace Theatre]]></details>
</event>
<event>
<id><![CDATA[1261150553]]></id>
<start_date><![CDATA[2018-02-18 12:00]]></start_date>
<end_date><![CDATA[2018-02-18 14:00]]></end_date>
<text><![CDATA[Dirty Dancing]]></text>
<details><![CDATA[Aldwych Theatre]]></details>
</event>
<event>
<id><![CDATA[1261150554]]></id>
<start_date><![CDATA[2018-02-19 09:00]]></start_date>
<end_date><![CDATA[2018-02-19 11:00]]></end_date>
<text><![CDATA[Dirty Dancing]]></text>
<details><![CDATA[Aldwych Theatre]]></details>
</event>
<event>
<id><![CDATA[1261150555]]></id>
<start_date><![CDATA[2018-02-20 11:00]]></start_date>
<end_date><![CDATA[2018-02-20 13:00]]></end_date>
<text><![CDATA[Fulham - Birmingham City     Competition: Premier League]]></text>
<details><![CDATA[Craven Cottage]]></details>
</event>
<event>
<id><![CDATA[1261150556]]></id>
<start_date><![CDATA[2018-02-20 16:00]]></start_date>
<end_date><![CDATA[2018-02-22 16:00]]></end_date>
<text><![CDATA[Legally Blonde The Musical]]></text>
<details><![CDATA[Savoy Theatre]]></details>
</event>
<event>
<id><![CDATA[1261150557]]></id>
<start_date><![CDATA[2018-02-22 16:00]]></start_date>
<end_date><![CDATA[2018-02-22 18:00]]></end_date>
<text><![CDATA[Wicked]]></text>
<details><![CDATA[Apollo Victoria Theatre]]></details>
</event>
<event>
<id><![CDATA[1261150558]]></id>
<start_date><![CDATA[2018-02-24 11:00]]></start_date>
<end_date><![CDATA[2018-02-24 13:00]]></end_date>
<text><![CDATA[Sister Act]]></text>
<details><![CDATA[Palladium]]></details>
</event>
<event>
<id><![CDATA[1261150559]]></id>
<start_date><![CDATA[2018-02-25 16:00]]></start_date>
<end_date><![CDATA[2018-02-25 18:00]]></end_date>
<text><![CDATA[Legally Blonde The Musical]]></text>
<details><![CDATA[Savoy Theatre]]></details>
</event>
<event>
<id><![CDATA[1261150560]]></id>
<start_date><![CDATA[2018-02-26 15:00]]></start_date>
<end_date><![CDATA[2018-02-26 17:00]]></end_date>
<text><![CDATA[Grease]]></text>
<details><![CDATA[Piccadilly Theatre]]></details>
</event>
<event>
<id><![CDATA[1261150561]]></id>
<start_date><![CDATA[2018-02-27 13:00]]></start_date>
<end_date><![CDATA[2018-03-01 13:00]]></end_date>
<text><![CDATA[The Lion King]]></text>
<details><![CDATA[Lyceum Theatre]]></details>
</event>
<event>
<id><![CDATA[1261150562]]></id>
<start_date><![CDATA[2018-02-27 14:00]]></start_date>
<end_date><![CDATA[2018-02-27 16:00]]></end_date>
<text><![CDATA[Cinderella On Ice]]></text>
<details><![CDATA[Royal Albert Hall]]></details>
</event>
<event>
<id><![CDATA[1261150563]]></id>
<start_date><![CDATA[2018-02-28 15:00]]></start_date>
<end_date><![CDATA[2018-02-28 17:00]]></end_date>
<text><![CDATA[Legally Blonde The Musical]]></text>
<details><![CDATA[Savoy Theatre]]></details>
</event>
<event>
<id><![CDATA[1261150564]]></id>
<start_date><![CDATA[2018-03-06 16:00]]></start_date>
<end_date><![CDATA[2018-03-06 18:00]]></end_date>
<text><![CDATA[Fulham - Stoke City     Competition: Premier League]]></text>
<details><![CDATA[Craven Cottage]]></details>
</event>
<event>
<id><![CDATA[1261150565]]></id>
<start_date><![CDATA[2018-03-09 14:00]]></start_date>
<end_date><![CDATA[2018-03-09 16:00]]></end_date>
<text><![CDATA[The 69 Eyes]]></text>
<details><![CDATA[Carling Academy Islington]]></details>
</event>
<event>
<id><![CDATA[1261150566]]></id>
<start_date><![CDATA[2018-03-16 13:00]]></start_date>
<end_date><![CDATA[2018-03-18 13:00]]></end_date>
<text><![CDATA[Sara Baras]]></text>
<details><![CDATA[Royal Albert Hall]]></details>
</event>
<event>
<id><![CDATA[1261150567]]></id>
<start_date><![CDATA[2018-03-18 16:00]]></start_date>
<end_date><![CDATA[2018-03-18 18:00]]></end_date>
<text><![CDATA[Trivium]]></text>
<details><![CDATA[Koko]]></details>
</event>
<event>
<id><![CDATA[1261150568]]></id>
<start_date><![CDATA[2018-03-22 11:00]]></start_date>
<end_date><![CDATA[2018-03-22 13:00]]></end_date>
<text><![CDATA[Love Never Dies]]></text>
<details><![CDATA[Adelphi Theatre]]></details>
</event>
<event>
<id><![CDATA[1261150569]]></id>
<start_date><![CDATA[2018-03-27 14:00]]></start_date>
<end_date><![CDATA[2018-03-27 16:00]]></end_date>
<text><![CDATA[West Ham  - Stoke City     Competition: Premier League]]></text>
<details><![CDATA[Boleyn Ground]]></details>
</event>
<event>
<id><![CDATA[1261150570]]></id>
<start_date><![CDATA[2018-03-31 08:00]]></start_date>
<end_date><![CDATA[2018-03-31 10:00]]></end_date>
<text><![CDATA[Swan Lake      Ballet Nacional de Cuba]]></text>
<details><![CDATA[Coliseum]]></details>
</event>
<event>
<id><![CDATA[1261150571]]></id>
<start_date><![CDATA[2018-04-03 09:00]]></start_date>
<end_date><![CDATA[2018-04-05 09:00]]></end_date>
<text><![CDATA[Peter Andre]]></text>
<details><![CDATA[Hammersmith Apollo]]></details>
</event>
<event>
<id><![CDATA[1261150572]]></id>
<start_date><![CDATA[2018-04-08 10:00]]></start_date>
<end_date><![CDATA[2018-04-08 12:00]]></end_date>
<text><![CDATA[Paolo Nutini]]></text>
<details><![CDATA[Royal Albert Hall]]></details>
</event>
<event>
<id><![CDATA[1261150573]]></id>
<start_date><![CDATA[2018-04-12 10:00]]></start_date>
<end_date><![CDATA[2018-04-12 12:00]]></end_date>
<text><![CDATA[Love Never Dies]]></text>
<details><![CDATA[Adelphi Theatre]]></details>
</event>
<event>
<id><![CDATA[1261150574]]></id>
<start_date><![CDATA[2018-04-17 08:00]]></start_date>
<end_date><![CDATA[2018-04-17 10:00]]></end_date>
<text><![CDATA[Dancing On Ice]]></text>
<details><![CDATA[O2 Arena]]></details>
</event>
<event>
<id><![CDATA[1261150575]]></id>
<start_date><![CDATA[2018-04-20 16:00]]></start_date>
<end_date><![CDATA[2018-04-20 18:00]]></end_date>
<text><![CDATA[Love Never Dies]]></text>
<details><![CDATA[Adelphi Theatre]]></details>
</event>
<event>
<id><![CDATA[1261150576]]></id>
<start_date><![CDATA[2018-04-24 06:00]]></start_date>
<end_date><![CDATA[2018-04-26 06:00]]></end_date>
<text><![CDATA[Love Never Dies]]></text>
<details><![CDATA[Adelphi Theatre]]></details>
</event>
<event>
<id><![CDATA[1261150577]]></id>
<start_date><![CDATA[2018-04-30 11:00]]></start_date>
<end_date><![CDATA[2018-04-30 13:00]]></end_date>
<text><![CDATA[Deadmau5]]></text>
<details><![CDATA[Brixton Academy]]></details>
</event>
<event>
<id><![CDATA[1261150578]]></id>
<start_date><![CDATA[2018-05-06 14:00]]></start_date>
<end_date><![CDATA[2018-05-06 16:00]]></end_date>
<text><![CDATA[Love Never Dies]]></text>
<details><![CDATA[Adelphi Theatre]]></details>
</event>
<event>
<id><![CDATA[1261150579]]></id>
<start_date><![CDATA[2018-05-10 15:00]]></start_date>
<end_date><![CDATA[2018-05-10 17:00]]></end_date>
<text><![CDATA[Lee Mack]]></text>
<details><![CDATA[Hammersmith Apollo]]></details>
</event>
<event>
<id><![CDATA[1261150580]]></id>
<start_date><![CDATA[2018-05-14 09:00]]></start_date>
<end_date><![CDATA[2018-05-14 11:00]]></end_date>
<text><![CDATA[Gotan Project]]></text>
<details><![CDATA[Brixton Academy]]></details>
</event>
<event>
<id><![CDATA[1261150581]]></id>
<start_date><![CDATA[2018-05-19 15:00]]></start_date>
<end_date><![CDATA[2018-05-21 15:00]]></end_date>
<text><![CDATA[Love Never Dies]]></text>
<details><![CDATA[Adelphi Theatre]]></details>
</event>
<event>
<id><![CDATA[1261150582]]></id>
<start_date><![CDATA[2018-05-24 07:00]]></start_date>
<end_date><![CDATA[2018-05-24 09:00]]></end_date>
<text><![CDATA[Love Never Dies]]></text>
<details><![CDATA[Adelphi Theatre]]></details>
</event>
<event>
<id><![CDATA[1261150583]]></id>
<start_date><![CDATA[2018-05-29 14:00]]></start_date>
<end_date><![CDATA[2018-05-29 16:00]]></end_date>
<text><![CDATA[Guiness Premiership Final 2010     Competition: Guinness Premiership Final]]></text>
<details><![CDATA[Twickenham Stadium]]></details>
</event>
<event>
<id><![CDATA[1261150584]]></id>
<start_date><![CDATA[2018-06-04 11:00]]></start_date>
<end_date><![CDATA[2018-06-04 13:00]]></end_date>
<text><![CDATA[Mark Knopfler]]></text>
<details><![CDATA[Royal Albert Hall]]></details>
</event>
<event>
<id><![CDATA[1261150585]]></id>
<start_date><![CDATA[2018-06-11 15:00]]></start_date>
<end_date><![CDATA[2018-06-11 17:00]]></end_date>
<text><![CDATA[Swan Lake]]></text>
<details><![CDATA[Royal Albert Hall]]></details>
</event>
<event>
<id><![CDATA[1261150586]]></id>
<start_date><![CDATA[2018-06-18 15:00]]></start_date>
<end_date><![CDATA[2018-06-20 15:00]]></end_date>
<text><![CDATA[Leona Lewis]]></text>
<details><![CDATA[O2 Arena]]></details>
</event>
<event>
<id><![CDATA[1261150587]]></id>
<start_date><![CDATA[2018-06-26 17:00]]></start_date>
<end_date><![CDATA[2018-06-26 19:00]]></end_date>
<text><![CDATA[Wimbledon: 3rd Round (Centre Court)]]></text>
<details><![CDATA[All England Lawn Tennis Club]]></details>
</event>
<event>
<id><![CDATA[1261150588]]></id>
<start_date><![CDATA[2018-07-05 09:00]]></start_date>
<end_date><![CDATA[2018-07-05 11:00]]></end_date>
<text><![CDATA[Placido Domingo]]></text>
<details><![CDATA[Royal Opera House]]></details>
</event>
<event>
<id><![CDATA[1261150589]]></id>
<start_date><![CDATA[2018-07-17 11:00]]></start_date>
<end_date><![CDATA[2018-07-17 13:00]]></end_date>
<text><![CDATA[Pakistan v Australia 1st Test (Day 5)]]></text>
<details><![CDATA[Lords Cricket Ground]]></details>
</event>
<event>
<id><![CDATA[1261150590]]></id>
<start_date><![CDATA[2018-08-22 07:00]]></start_date>
<end_date><![CDATA[2018-08-22 09:00]]></end_date>
<text><![CDATA[npower: England v Pakistan 3rd Test (Day 5)]]></text>
<details><![CDATA[Oval Cricket Ground]]></details>
</event>
<event>
<id><![CDATA[1261150591]]></id>
<start_date><![CDATA[2018-10-23 06:00]]></start_date>
<end_date><![CDATA[2018-10-25 06:00]]></end_date>
<text><![CDATA[Level 42]]></text>
<details><![CDATA[Indigo2]]></details>
</event>
<event>
<id><![CDATA[1261150592]]></id>
<start_date><![CDATA[2018-11-24 09:00]]></start_date>
<end_date><![CDATA[2018-11-24 11:00]]></end_date>
<text><![CDATA[Jason Manford]]></text>
<details><![CDATA[Hammersmith Apollo]]></details>
</event></data>